Method,P@5,P@10,R@5,R@10,nDCG@5,nDCG@10
tfidf,0.07,0.06000000000000001,0.11666666666666667,0.2,0.1234639363011378,0.16081070104351022
bm25,0.12000000000000002,0.07000000000000002,0.2,0.2333333333333333,0.2274250488307165,0.24264840870524237
semantic,0.15000000000000002,0.08500000000000002,0.25,0.2833333333333333,0.2750481266147328,0.28993278735810357
hybrid,0.13000000000000003,0.07000000000000002,0.21666666666666665,0.2333333333333333,0.2508889851318543,0.2579523337748458
